{"xlim": [0, 831], "ylim": [0, 831], "linkColor": "#7c7c7c", "linkAlpha": 0.5, "nodeStrokeColor": "#555555", "nodeStrokeWidth": 1.8429805478225854, "links": [], "nodes": [{"id": "29900", "x": 415.5, "y": 415.5, "x_canvas": 415.5000000000001, "y_canvas": 415.5000000000001, "radius": null, "color": "#f5b7b1"}]}